{"cameraMode":{"drawMode":0,"name":"Shaded","section":"Shading Mode"},"sceneLighting":true,"audioPlay":false,"sceneViewState":{"m_AlwaysRefresh":false,"showFog":true,"showSkybox":true,"showFlares":true,"showImageEffects":true,"showParticleSystems":true,"showVisualEffectGraphs":true,"m_FxEnabled":false},"in2DMode":false,"pivot":{"x":10.442357063293457,"y":7.183480739593506,"z":2.4287612438201906},"rotation":{"x":-0.011463605798780918,"y":0.9349575042724609,"z":-0.3554251194000244,"w":-0.027176519855856897},"size":0.5674747228622437,"orthographic":false}