{"cameraMode":{"drawMode":2,"name":"Shaded Wireframe","section":"Shading Mode"},"sceneLighting":false,"audioPlay":false,"sceneViewState":{"m_AlwaysRefresh":false,"showFog":true,"showSkybox":false,"showFlares":true,"showImageEffects":true,"showParticleSystems":true,"showVisualEffectGraphs":true,"m_FxEnabled":false},"in2DMode":false,"pivot":{"x":-0.023612380027770997,"y":0.8994476199150086,"z":0.0000021457672119140627},"rotation":{"x":0.09908165037631989,"y":-0.6126875877380371,"z":0.07779891788959503,"w":0.7802298069000244},"size":2.6382997035980226,"orthographic":false}